Fonte de Recursos,Receita,Arrecadado até 02/02/2024,
001 - TESOURO-DOT.INICIAL E CRED.SUPLEMENTAR,11130111 - IRRF - IMP.RENDA PESSOA FISICA-PRINCIPAL,"       4.267.858.335,83",
001 - TESOURO-DOT.INICIAL E CRED.SUPLEMENTAR,11130311 - IRRF-IMP. RENDA RET. FTE-TRABALHO-PRINCIPAL,"       4.323.772.997,93",
001 - TESOURO-DOT.INICIAL E CRED.SUPLEMENTAR,11130341 - IRRF-OUTROS RENDIMENTOS-PRINCIPAL,"         123.071.158,14",
001 - TESOURO-DOT.INICIAL E CRED.SUPLEMENTAR,11180121 - IPVA - IMP. PROPR. VEIC. AUTOM  - PRINCIPAL,"       8.202.995.933,47",
001 - TESOURO-DOT.INICIAL E CRED.SUPLEMENTAR,11180122 - IPVA - MULTAS E  JUROS,"               6.927,39",
001 - TESOURO-DOT.INICIAL E CRED.SUPLEMENTAR,11180123 - IPVA - DIVIDA ATIVA,"         235.614.546,72",
001 - TESOURO-DOT.INICIAL E CRED.SUPLEMENTAR,11180124 - IPVA - MULTA E JUROS-DIVIDA ATIVA,"             401.195,68",
001 - TESOURO-DOT.INICIAL E CRED.SUPLEMENTAR,11180131 - ITCMD-IMP.TRA.CAUSA MORTIS/DOACAO-PRINCIPAL,"       3.158.253.957,69",
001 - TESOURO-DOT.INICIAL E CRED.SUPLEMENTAR,11180132 - ITCMD - MULTAS E JUROS,"         218.862.721,73",
001 - TESOURO-DOT.INICIAL E CRED.SUPLEMENTAR,11180133 - ITCMD - DIVIDA ATIVA,"           8.067.099,83",
001 - TESOURO-DOT.INICIAL E CRED.SUPLEMENTAR,11180134 - ITCMD - DIVIDA ATIVA - MULTAS E JUROS,"          12.176.510,96",
001 - TESOURO-DOT.INICIAL E CRED.SUPLEMENTAR,11180211 - ICMS - PRINCIPAL,"     107.251.547.629,75",
001 - TESOURO-DOT.INICIAL E CRED.SUPLEMENTAR,11180212 - ICMS - MULTAS E JUROS,"       1.664.601.065,05",
001 - TESOURO-DOT.INICIAL E CRED.SUPLEMENTAR,11180213 - ICMS - DIVIDA ATIVA,"       1.807.508.819,34",
001 - TESOURO-DOT.INICIAL E CRED.SUPLEMENTAR,11180214 - ICMS - DIVIDA ATIVA - MULTAS E JUROS,"         553.017.110,44",
001 - TESOURO-DOT.INICIAL E CRED.SUPLEMENTAR,11180221 - ADIC. ICMS-FUNDO EST. COMB. POBREZA PRINCIPA,"         696.063.871,22",
001 - TESOURO-DOT.INICIAL E CRED.SUPLEMENTAR,11180222 - ADIC.ICMS-FUNDO.EST.COMB.POBREZA MULTA /JURO,"             159.345,51",
001 - TESOURO-DOT.INICIAL E CRED.SUPLEMENTAR,11220111 - TAXA PELA  PRESTACAO DE SERVICOS-PRINCIPAL,"       4.360.882.904,65",
001 - TESOURO-DOT.INICIAL E CRED.SUPLEMENTAR,11220113 - TAXAS PELA PRESTACAO DE SERVICOS-DIVIDA ATIV,"           1.245.193,71",
001 - TESOURO-DOT.INICIAL E CRED.SUPLEMENTAR,11220114 - TX PRESTACAO SERVICOS-DIV. ATIVA-MULTAS/JURO,"             407.269,52",
001 - TESOURO-DOT.INICIAL E CRED.SUPLEMENTAR,"11220211 - EMOLUMENTOS,CUSTAS JUDICIAIS - PRINCIPAL","         378.327.459,80",
001 - TESOURO-DOT.INICIAL E CRED.SUPLEMENTAR,11280111 - TAXA DE FISCALIZACAO DE VIGIL,"           3.982.496,76",
001 - TESOURO-DOT.INICIAL E CRED.SUPLEMENTAR,11389911 - OUTRAS CONTRIBUICOES DE MELHORIA,"                   3,90",
001 - TESOURO-DOT.INICIAL E CRED.SUPLEMENTAR,13100111 - ALUGUEIS E ARRENDAMENTOS - PRINCIPAL,"           3.055.808,08",
001 - TESOURO-DOT.INICIAL E CRED.SUPLEMENTAR,13210011 - REMUNERACAO  DEPOSITOS BANCARIOS - PRINCIPAL,"         707.403.202,29",
001 - TESOURO-DOT.INICIAL E CRED.SUPLEMENTAR,13210041 - REMUNERACAO RECURSOS RPPS-PRINCIPAL,"               6.113,94",
001 - TESOURO-DOT.INICIAL E CRED.SUPLEMENTAR,13210061 - JUROS SOBRE O CAPITAL PROPRIO - PRINCIPAL,"         570.807.015,25",
001 - TESOURO-DOT.INICIAL E CRED.SUPLEMENTAR,13220011 - DIVIDENDOS - PRINCIPAL,"         208.650.721,85",
001 - TESOURO-DOT.INICIAL E CRED.SUPLEMENTAR,13310311 - DELEG.P/PREST.DOS SERV.DE TRANSP.METROV-PRIN,"           5.255.629,84",
001 - TESOURO-DOT.INICIAL E CRED.SUPLEMENTAR,13320111 - DELEG.EXPL. TRANSP.RODOV.SETOR PRIVADO-PRINC,"             226.111,10",
001 - TESOURO-DOT.INICIAL E CRED.SUPLEMENTAR,13600111 - CESSAO DIREITO OPERACIONAL.PAGTOS- PRINCIPAL,"       1.033.113.234,01",
001 - TESOURO-DOT.INICIAL E CRED.SUPLEMENTAR,16400111 - RETORNO OPERACOES/JUROS/ ENC.FIN.-PRINCIPAL,"             627.709,77",
001 - TESOURO-DOT.INICIAL E CRED.SUPLEMENTAR,16909911 - OUTROS SERVICOS - PRINCIPAL,"               7.850,29",
001 - TESOURO-DOT.INICIAL E CRED.SUPLEMENTAR,17180111 - COTA-PARTE FDO PARTICIPACAO  EST/DF-PRINCIPA,"         960.716.946,51",
001 - TESOURO-DOT.INICIAL E CRED.SUPLEMENTAR,17180161 - COTA-PARTE IPI-ESTADO EXP.PROD.IND- PRINCIPA,"         802.778.522,61",
001 - TESOURO-DOT.INICIAL E CRED.SUPLEMENTAR,17180181 - COTA-PARTE IOF-IMP.OPER.FINANCEIRA- PRINCIPA,"             349.778,63",
001 - TESOURO-DOT.INICIAL E CRED.SUPLEMENTAR,17180351 - TRANSFERENCIA REC.SUS-GESTAO SUS - PRINCIPAL,"               2.490,10",
001 - TESOURO-DOT.INICIAL E CRED.SUPLEMENTAR,17189911 - OUTRAS TRANSFERENCIAS DA UNIAO - PRINCIPAL,"         308.197.299,20",
001 - TESOURO-DOT.INICIAL E CRED.SUPLEMENTAR,17289911 - OUTRAS TRANSFERENCIAS DOS ESTADOS - PRINCIPA,"                   2,85",
001 - TESOURO-DOT.INICIAL E CRED.SUPLEMENTAR,19100111 - MULTAS PREVISTAS LEG. ESPECIFICA-PRINCIPAL,"          21.972.679,85",
001 - TESOURO-DOT.INICIAL E CRED.SUPLEMENTAR,19229911 - OUTRAS RESTITUIC,"              28.016,35",
001 - TESOURO-DOT.INICIAL E CRED.SUPLEMENTAR,19280111 - INDENIZAC,"             250.830,99",
001 - TESOURO-DOT.INICIAL E CRED.SUPLEMENTAR,19280291 - OUTRAS RESTITUICOES-ESPECIF.E/DF/M-PRINCIPAL,"         235.946.815,49",
001 - TESOURO-DOT.INICIAL E CRED.SUPLEMENTAR,19280311 - RESSARCIMENTO-ESPECIF.E/DF/M-PRINCIPAL,"           9.884.963,00",
001 - TESOURO-DOT.INICIAL E CRED.SUPLEMENTAR,19909911 - OUTRAS RECEITAS - PRIMARIAS - PRINCIPAL,"         143.888.186,35",
001 - TESOURO-DOT.INICIAL E CRED.SUPLEMENTAR,19909912 - OUTRAS RECEITAS - PRIMARIAS - MULTAS E JUROS,"               4.289,36",
001 - TESOURO-DOT.INICIAL E CRED.SUPLEMENTAR,19909913 - OUTRAS RECEITAS - PRIMARIAS - DIVIDA ATIVA,"           3.903.171,51",
001 - TESOURO-DOT.INICIAL E CRED.SUPLEMENTAR,19909914 - OUTRAS REC-PRIMARIAS-DIV.ATIVA-MULTAS/JUROS,"             114.006,37",
001 - TESOURO-DOT.INICIAL E CRED.SUPLEMENTAR,19909921 - OUTRAS RECEITAS - FINANCEIRAS - PRINCIPAL,"                   0,00",
001 - TESOURO-DOT.INICIAL E CRED.SUPLEMENTAR,22130011 - ALIENACAO BENS MOVEIS/SEMOVENTES- PRINCIPAL,"         229.090.055,67",
001 - TESOURO-DOT.INICIAL E CRED.SUPLEMENTAR,22180121 - ALIENACAO INVESTIMENTOS PERMANENTES-PRINCIPA,"                  11,43",
001 - TESOURO-DOT.INICIAL E CRED.SUPLEMENTAR,22200011 - ALIENACAO DE BENS IMOVEIS - PRINCIPAL,"           1.347.336,89",
001 - TESOURO-DOT.INICIAL E CRED.SUPLEMENTAR,23000611 - AMORTIZACAO EMPRESTIMO CONTRATUAL-PRINCIPAL,"           1.536.149,52",
001 - TESOURO-DOT.INICIAL E CRED.SUPLEMENTAR,29900011 - DEMAIS RECEITAS DE CAPITAL - PRINCIPAL,"       2.841.347.437,10",
001 - TESOURO-DOT.INICIAL E CRED.SUPLEMENTAR,79229911 - OUTRAS RESTITUICOES-PRINC INTRAORCAMENTARIAS,"                   0,00",
001 - TESOURO-DOT.INICIAL E CRED.SUPLEMENTAR,89100011 - INTEGRALIZACAO CAPITAL SOCIAL-PRINCIPAL INTR,"                   0,00",
002 - RECURSOS VINCULADOS ESTADUAIS,11130111 - IRRF - IMP.RENDA PESSOA FISICA-PRINCIPAL,"              11.386,74",
002 - RECURSOS VINCULADOS ESTADUAIS,11180121 - IPVA - IMP. PROPR. VEIC. AUTOM  - PRINCIPAL,"       8.202.995.933,47",
002 - RECURSOS VINCULADOS ESTADUAIS,11180122 - IPVA - MULTAS E  JUROS,"               6.927,39",
002 - RECURSOS VINCULADOS ESTADUAIS,11180123 - IPVA - DIVIDA ATIVA,"         235.614.546,73",
002 - RECURSOS VINCULADOS ESTADUAIS,11180124 - IPVA - MULTA E JUROS-DIVIDA ATIVA,"             401.195,68",
002 - RECURSOS VINCULADOS ESTADUAIS,11180211 - ICMS - PRINCIPAL,"      35.750.515.876,59",
002 - RECURSOS VINCULADOS ESTADUAIS,11180212 - ICMS - MULTAS E JUROS,"         554.867.021,69",
002 - RECURSOS VINCULADOS ESTADUAIS,11180213 - ICMS - DIVIDA ATIVA,"         602.502.939,79",
002 - RECURSOS VINCULADOS ESTADUAIS,11180214 - ICMS - DIVIDA ATIVA - MULTAS E JUROS,"         184.339.036,82",
002 - RECURSOS VINCULADOS ESTADUAIS,11220111 - TAXA PELA  PRESTACAO DE SERVICOS-PRINCIPAL,"         991.807.267,56",
002 - RECURSOS VINCULADOS ESTADUAIS,11220113 - TAXAS PELA PRESTACAO DE SERVICOS-DIVIDA ATIV,"           2.919.700,05",
002 - RECURSOS VINCULADOS ESTADUAIS,11220114 - TX PRESTACAO SERVICOS-DIV. ATIVA-MULTAS/JURO,"             950.470,92",
002 - RECURSOS VINCULADOS ESTADUAIS,"11220211 - EMOLUMENTOS,CUSTAS JUDICIAIS - PRINCIPAL","         894.731.275,48",
002 - RECURSOS VINCULADOS ESTADUAIS,11280191 - TAXAS DE INSPEC.CONTROLE E FISCALIZAC -OUTRA,"              31.638,83",
002 - RECURSOS VINCULADOS ESTADUAIS,12109911 - OUTRAS CONTRIBUIC,"          22.906.039,53",
002 - RECURSOS VINCULADOS ESTADUAIS,12180111 - CPSSS - SERVIDOR CIVIL  ATIVO - PRINCIPAL,"          29.146.893,48",
002 - RECURSOS VINCULADOS ESTADUAIS,12180113 - CONTRIB.REG.GER.PREV.SOC-RGPS-DIVIDA ATIVA,"             150.285,63",
002 - RECURSOS VINCULADOS ESTADUAIS,13210011 - REMUNERACAO  DEPOSITOS BANCARIOS - PRINCIPAL,"          46.029.392,34",
002 - RECURSOS VINCULADOS ESTADUAIS,13310211 - DELEG.P/PREST.SERV.TRANSP.FERROVIARIO-PRINC,"              35.717,18",
002 - RECURSOS VINCULADOS ESTADUAIS,13310311 - DELEG.P/PREST.DOS SERV.DE TRANSP.METROV-PRIN,"           3.229.480,40",
002 - RECURSOS VINCULADOS ESTADUAIS,13320111 - DELEG.EXPL. TRANSP.RODOV.SETOR PRIVADO-PRINC,"                   0,00",
002 - RECURSOS VINCULADOS ESTADUAIS,16100111 - SERVICO ADMINISTRATIVO/COML.GERAL -PRINCIPAL,"           1.491.644,76",
002 - RECURSOS VINCULADOS ESTADUAIS,16909911 - OUTROS SERVICOS - PRINCIPAL,"         210.250.633,38",
002 - RECURSOS VINCULADOS ESTADUAIS,17180161 - COTA-PARTE IPI-ESTADO EXP.PROD.IND- PRINCIPA,"         267.592.840,93",
002 - RECURSOS VINCULADOS ESTADUAIS,17180211 - COTA-PARTE COMPENSACAO FIN.REC. HIDRICO-PRIN,"          55.235.470,48",
002 - RECURSOS VINCULADOS ESTADUAIS,17180221 - COTA-PARTE COMPENSACAO FIN.REC.MINERAL-PRINC,"           8.055.862,69",
002 - RECURSOS VINCULADOS ESTADUAIS,17180231 - COTA-PARTE ROYALTIE-COMP.FIN.PROD.PETR-PRINC,"         683.579.087,04",
002 - RECURSOS VINCULADOS ESTADUAIS,17180251 - COTA-PARTE ROYALTIE-PART.ESPECIAL-PRINCIPAL,"       1.589.590.436,25",
002 - RECURSOS VINCULADOS ESTADUAIS,19100111 - MULTAS PREVISTAS LEG. ESPECIFICA-PRINCIPAL,"       1.338.959.707,58",
002 - RECURSOS VINCULADOS ESTADUAIS,19100611 - MULTA ADM.POR DANOS AMBIENTAIS-PRINCIPAL,"           7.567.924,78",
002 - RECURSOS VINCULADOS ESTADUAIS,19280111 - INDENIZAC,"                 307,05",
002 - RECURSOS VINCULADOS ESTADUAIS,19280291 - OUTRAS RESTITUICOES-ESPECIF.E/DF/M-PRINCIPAL,"           1.311.941,53",
002 - RECURSOS VINCULADOS ESTADUAIS,19280311 - RESSARCIMENTO-ESPECIF.E/DF/M-PRINCIPAL,"           2.066.855,90",
002 - RECURSOS VINCULADOS ESTADUAIS,19909911 - OUTRAS RECEITAS - PRIMARIAS - PRINCIPAL,"             520.812,27",
002 - RECURSOS VINCULADOS ESTADUAIS,19909913 - OUTRAS RECEITAS - PRIMARIAS - DIVIDA ATIVA,"         145.796.095,41",
002 - RECURSOS VINCULADOS ESTADUAIS,19909914 - OUTRAS REC-PRIMARIAS-DIV.ATIVA-MULTAS/JUROS,"           3.032.507,55",
002 - RECURSOS VINCULADOS ESTADUAIS,19909921 - OUTRAS RECEITAS - FINANCEIRAS - PRINCIPAL,"                   0,00",
003 - RECURSOS VINCULADOS-FUNDO ESPECIAL DE DESPES,11130311 - IRRF-IMP. RENDA RET. FTE-TRABALHO-PRINCIPAL,"           7.010.158,42",
003 - RECURSOS VINCULADOS-FUNDO ESPECIAL DE DESPES,11130341 - IRRF-OUTROS RENDIMENTOS-PRINCIPAL,"               1.095,00",
003 - RECURSOS VINCULADOS-FUNDO ESPECIAL DE DESPES,11210411 - TAXA CONTROLE E FISCALIZ.AMBIENTAL-PRINCIPAL,"          21.107.237,56",
003 - RECURSOS VINCULADOS-FUNDO ESPECIAL DE DESPES,11220111 - TAXA PELA  PRESTACAO DE SERVICOS-PRINCIPAL,"         480.456.620,99",
003 - RECURSOS VINCULADOS-FUNDO ESPECIAL DE DESPES,"11220211 - EMOLUMENTOS,CUSTAS JUDICIAIS - PRINCIPAL","                   0,00",
003 - RECURSOS VINCULADOS-FUNDO ESPECIAL DE DESPES,12109911 - OUTRAS CONTRIBUIC,"       1.199.707.775,49",
003 - RECURSOS VINCULADOS-FUNDO ESPECIAL DE DESPES,13100111 - ALUGUEIS E ARRENDAMENTOS - PRINCIPAL,"          22.130.333,28",
003 - RECURSOS VINCULADOS-FUNDO ESPECIAL DE DESPES,13109911 - OUTRAS RECEITAS IMOBILIARIAS - PRINCIPAL,"           6.516.187,38",
003 - RECURSOS VINCULADOS-FUNDO ESPECIAL DE DESPES,13210011 - REMUNERACAO  DEPOSITOS BANCARIOS - PRINCIPAL,"         250.762.507,21",
003 - RECURSOS VINCULADOS-FUNDO ESPECIAL DE DESPES,13290011 - OUTROS VALORES MOBILIARIOS - PRINCIPAL,"           5.723.213,53",
003 - RECURSOS VINCULADOS-FUNDO ESPECIAL DE DESPES,13310211 - DELEG.P/PREST.SERV.TRANSP.FERROVIARIO-PRINC,"             384.396,57",
003 - RECURSOS VINCULADOS-FUNDO ESPECIAL DE DESPES,13320111 - DELEG.EXPL. TRANSP.RODOV.SETOR PRIVADO-PRINC,"           4.196.824,16",
003 - RECURSOS VINCULADOS-FUNDO ESPECIAL DE DESPES,13600111 - CESSAO DIREITO OPERACIONAL.PAGTOS- PRINCIPAL,"       2.395.883.031,14",
003 - RECURSOS VINCULADOS-FUNDO ESPECIAL DE DESPES,14000011 - RECEITA AGROPECUARIA - PRINCIPAL,"           5.093.465,03",
003 - RECURSOS VINCULADOS-FUNDO ESPECIAL DE DESPES,15000011 - RECEITA INDUSTRIAL - PRINCIPAL,"           8.281.133,10",
003 - RECURSOS VINCULADOS-FUNDO ESPECIAL DE DESPES,16100111 - SERVICO ADMINISTRATIVO/COML.GERAL -PRINCIPAL,"          63.888.990,65",
003 - RECURSOS VINCULADOS-FUNDO ESPECIAL DE DESPES,16100211 - INSCRICAO CONCURSO/PROC.SELETIVOS- PRINCIPAL,"          36.980.698,23",
003 - RECURSOS VINCULADOS-FUNDO ESPECIAL DE DESPES,16200111 - SERVICOS DE NAVEGACAO - PRINCIPAL,"           3.928.726,51",
003 - RECURSOS VINCULADOS-FUNDO ESPECIAL DE DESPES,16200211 - SERVICOS DE TRANSPORTE - PRINCIPAL,"           1.772.612,33",
003 - RECURSOS VINCULADOS-FUNDO ESPECIAL DE DESPES,16380111 - SERVICOS HOSPITALARES - PRINCIPAL,"              13.722,05",
003 - RECURSOS VINCULADOS-FUNDO ESPECIAL DE DESPES,16380121 - SERV.REGISTRO ANALISE E CONTROLE- PRINCIPAL,"             199.915,28",
003 - RECURSOS VINCULADOS-FUNDO ESPECIAL DE DESPES,16909911 - OUTROS SERVICOS - PRINCIPAL,"         298.571.751,89",
003 - RECURSOS VINCULADOS-FUNDO ESPECIAL DE DESPES,17481011 - OUTRA TRANSF.INST.PRIV. AO E/DF/M-PRINCIPAL,"          52.960.273,65",
003 - RECURSOS VINCULADOS-FUNDO ESPECIAL DE DESPES,17781011 - OUTRA TRANSF.CONV.EXTERIOR-ESPEC E/DF/M-PRIN,"           2.089.869,57",
003 - RECURSOS VINCULADOS-FUNDO ESPECIAL DE DESPES,19100111 - MULTAS PREVISTAS LEG. ESPECIFICA-PRINCIPAL,"          31.610.790,29",
003 - RECURSOS VINCULADOS-FUNDO ESPECIAL DE DESPES,19100611 - MULTA ADM.POR DANOS AMBIENTAIS-PRINCIPAL,"          30.672.811,73",
003 - RECURSOS VINCULADOS-FUNDO ESPECIAL DE DESPES,19100811 - MULTAS DECORRENTES SENTENCAS JUD-PRINCIPAL,"          12.904.037,31",
003 - RECURSOS VINCULADOS-FUNDO ESPECIAL DE DESPES,19210111 - INDENIZACAO DANOS CAUSADOS A PATRIM.PUB-PRIN,"          33.309.989,61",
003 - RECURSOS VINCULADOS-FUNDO ESPECIAL DE DESPES,19221011 - RESTITUICAO DECOR. NAO APLIC.INC.FISCAL-PRIN,"           3.574.926,30",
003 - RECURSOS VINCULADOS-FUNDO ESPECIAL DE DESPES,19229911 - OUTRAS RESTITUIC,"               1.389,62",
003 - RECURSOS VINCULADOS-FUNDO ESPECIAL DE DESPES,19280111 - INDENIZAC,"             738.676,62",
003 - RECURSOS VINCULADOS-FUNDO ESPECIAL DE DESPES,19280291 - OUTRAS RESTITUICOES-ESPECIF.E/DF/M-PRINCIPAL,"         119.218.233,99",
003 - RECURSOS VINCULADOS-FUNDO ESPECIAL DE DESPES,19901211 - ENCARGOS LEGAIS INSCR. DIV.ATIVA-PRINCIPAL,"         216.857.209,57",
003 - RECURSOS VINCULADOS-FUNDO ESPECIAL DE DESPES,19901221 - ONUS DE SUCUMBENCIA - PRINCIPAL,"              97.551,55",
003 - RECURSOS VINCULADOS-FUNDO ESPECIAL DE DESPES,19909911 - OUTRAS RECEITAS - PRIMARIAS - PRINCIPAL,"          97.284.676,06",
003 - RECURSOS VINCULADOS-FUNDO ESPECIAL DE DESPES,19909913 - OUTRAS RECEITAS - PRIMARIAS - DIVIDA ATIVA,"          21.909.279,43",
003 - RECURSOS VINCULADOS-FUNDO ESPECIAL DE DESPES,19909914 - OUTRAS REC-PRIMARIAS-DIV.ATIVA-MULTAS/JUROS,"              60.315,34",
003 - RECURSOS VINCULADOS-FUNDO ESPECIAL DE DESPES,19909921 - OUTRAS RECEITAS - FINANCEIRAS - PRINCIPAL,"                   0,00",
003 - RECURSOS VINCULADOS-FUNDO ESPECIAL DE DESPES,22130011 - ALIENACAO BENS MOVEIS/SEMOVENTES- PRINCIPAL,"           7.688.498,75",
004 - REC.PROPRIO-ADM.IND.-DOT.INIC.CR.SUPL.,11220111 - TAXA PELA  PRESTACAO DE SERVICOS-PRINCIPAL,"           1.561.242,11",
004 - REC.PROPRIO-ADM.IND.-DOT.INIC.CR.SUPL.,11280191 - TAXAS DE INSPEC.CONTROLE E FISCALIZAC -OUTRA,"          69.996.622,87",
004 - REC.PROPRIO-ADM.IND.-DOT.INIC.CR.SUPL.,12100611 - CONTRIB.FDO ASSIST.MED.POL.MILITAR- PRINCIPA,"         214.881.924,13",
004 - REC.PROPRIO-ADM.IND.-DOT.INIC.CR.SUPL.,12100631 - CONTRIB.FDO ASSIST.MED.SERV.CIVIL- PRINCIPAL,"         849.245.600,64",
004 - REC.PROPRIO-ADM.IND.-DOT.INIC.CR.SUPL.,12100691 - CONTRIB.FDO ASSIST.MED.OUTRO BENEF- PRINCIPA,"         104.489.562,18",
004 - REC.PROPRIO-ADM.IND.-DOT.INIC.CR.SUPL.,12109911 - OUTRAS CONTRIBUIC,"                   0,00",
004 - REC.PROPRIO-ADM.IND.-DOT.INIC.CR.SUPL.,12180111 - CPSSS - SERVIDOR CIVIL  ATIVO - PRINCIPAL,"       3.029.161.327,28",
004 - REC.PROPRIO-ADM.IND.-DOT.INIC.CR.SUPL.,12180112 - CONTRIB.SERV.ATIVO CIVIL-RPPS - MULTAS/ JURO,"               1.716,48",
004 - REC.PROPRIO-ADM.IND.-DOT.INIC.CR.SUPL.,12180121 - CPSSS-SERV.CIVIL INATIVO - PRINCIPAL,"         674.498.550,71",
004 - REC.PROPRIO-ADM.IND.-DOT.INIC.CR.SUPL.,12180131 - CPSSS-SERV.CIVIL PENSIONISTA - PRINCIPAL,"         189.042.129,79",
004 - REC.PROPRIO-ADM.IND.-DOT.INIC.CR.SUPL.,12180141 - CPSSS DE SENT.JUDICIAIS-SERV.CIVIL ATIVO,"         111.876.755,07",
004 - REC.PROPRIO-ADM.IND.-DOT.INIC.CR.SUPL.,12180511 - CONTRIBUICAO DO MILITAR ATIVO - PRINCIPAL,"         573.823.046,29",
004 - REC.PROPRIO-ADM.IND.-DOT.INIC.CR.SUPL.,12180521 - CONTRIBUICAO DO MILITAR INATIVO - PRINCIPAL,"         208.369.341,36",
004 - REC.PROPRIO-ADM.IND.-DOT.INIC.CR.SUPL.,12180531 - CONTRIB. DOS PENSIONIS. MILITARES - PRINCIPA,"          67.073.934,64",
004 - REC.PROPRIO-ADM.IND.-DOT.INIC.CR.SUPL.,13100111 - ALUGUEIS E ARRENDAMENTOS - PRINCIPAL,"         103.788.822,82",
004 - REC.PROPRIO-ADM.IND.-DOT.INIC.CR.SUPL.,13210011 - REMUNERACAO  DEPOSITOS BANCARIOS - PRINCIPAL,"         296.789.491,90",
004 - REC.PROPRIO-ADM.IND.-DOT.INIC.CR.SUPL.,13210041 - REMUNERACAO RECURSOS RPPS-PRINCIPAL,"          18.498.969,71",
004 - REC.PROPRIO-ADM.IND.-DOT.INIC.CR.SUPL.,13220011 - DIVIDENDOS - PRINCIPAL,"             350.548,80",
004 - REC.PROPRIO-ADM.IND.-DOT.INIC.CR.SUPL.,13320111 - DELEG.EXPL. TRANSP.RODOV.SETOR PRIVADO-PRINC,"         434.193.298,02",
004 - REC.PROPRIO-ADM.IND.-DOT.INIC.CR.SUPL.,13320411 - DELEGACAO EXPL.INFRA AEROPORTUARIA-PRINCIPAL,"          26.964.064,50",
004 - REC.PROPRIO-ADM.IND.-DOT.INIC.CR.SUPL.,13450111 - OUTORGA DIREITO USO REC. HIDRICOS-PRINCIPAL,"           2.761.855,93",
004 - REC.PROPRIO-ADM.IND.-DOT.INIC.CR.SUPL.,13600111 - CESSAO DIREITO OPERACIONAL.PAGTOS- PRINCIPAL,"           9.175.496,36",
004 - REC.PROPRIO-ADM.IND.-DOT.INIC.CR.SUPL.,14000011 - RECEITA AGROPECUARIA - PRINCIPAL,"          10.627.365,74",
004 - REC.PROPRIO-ADM.IND.-DOT.INIC.CR.SUPL.,15000011 - RECEITA INDUSTRIAL - PRINCIPAL,"         112.926.178,35",
004 - REC.PROPRIO-ADM.IND.-DOT.INIC.CR.SUPL.,16100111 - SERVICO ADMINISTRATIVO/COML.GERAL -PRINCIPAL,"          53.054.362,60",
004 - REC.PROPRIO-ADM.IND.-DOT.INIC.CR.SUPL.,16100211 - INSCRICAO CONCURSO/PROC.SELETIVOS- PRINCIPAL,"           5.753.321,01",
004 - REC.PROPRIO-ADM.IND.-DOT.INIC.CR.SUPL.,"16100311 - SERVICO REGISTRO,CERTIFIC,FISCAL.- PRINCIPAL","           1.419.454,26",
004 - REC.PROPRIO-ADM.IND.-DOT.INIC.CR.SUPL.,16200211 - SERVICOS DE TRANSPORTE - PRINCIPAL,"       1.538.119.546,55",
004 - REC.PROPRIO-ADM.IND.-DOT.INIC.CR.SUPL.,16380111 - SERVICOS HOSPITALARES - PRINCIPAL,"           3.992.508,08",
004 - REC.PROPRIO-ADM.IND.-DOT.INIC.CR.SUPL.,16380191 - OUTROS SERVICOS DE SAUDE - PRINCIPAL,"         484.421.400,65",
004 - REC.PROPRIO-ADM.IND.-DOT.INIC.CR.SUPL.,16400111 - RETORNO OPERACOES/JUROS/ ENC.FIN.-PRINCIPAL,"           2.428.693,02",
004 - REC.PROPRIO-ADM.IND.-DOT.INIC.CR.SUPL.,16909911 - OUTROS SERVICOS - PRINCIPAL,"         643.316.170,83",
004 - REC.PROPRIO-ADM.IND.-DOT.INIC.CR.SUPL.,17281021 - TRANSF.CONVENIO ESTADO AO PROG.EDUCACAO-PRIN,"             658.227,70",
004 - REC.PROPRIO-ADM.IND.-DOT.INIC.CR.SUPL.,17281091 - OUTRAS TRANSF.CONVENIOS ESTADO-PRINCIPAL,"           6.186.776,80",
004 - REC.PROPRIO-ADM.IND.-DOT.INIC.CR.SUPL.,17289911 - OUTRAS TRANSFERENCIAS DOS ESTADOS - PRINCIPA,"          16.899.518,10",
004 - REC.PROPRIO-ADM.IND.-DOT.INIC.CR.SUPL.,17389911 - OUTRAS TRANSFERERENCIAS MUNIC. - PRINCIPAL,"             628.759,56",
004 - REC.PROPRIO-ADM.IND.-DOT.INIC.CR.SUPL.,17481011 - OUTRA TRANSF.INST.PRIV. AO E/DF/M-PRINCIPAL,"         124.318.817,64",
004 - REC.PROPRIO-ADM.IND.-DOT.INIC.CR.SUPL.,17681011 - OUTRAS TRANSF.CONVENIOS EXTERIOR-PRINCIPAL,"              22.430,59",
004 - REC.PROPRIO-ADM.IND.-DOT.INIC.CR.SUPL.,17781011 - OUTRA TRANSF.CONV.EXTERIOR-ESPEC E/DF/M-PRIN,"              45.327,74",
004 - REC.PROPRIO-ADM.IND.-DOT.INIC.CR.SUPL.,19100111 - MULTAS PREVISTAS LEG. ESPECIFICA-PRINCIPAL,"          77.341.242,59",
004 - REC.PROPRIO-ADM.IND.-DOT.INIC.CR.SUPL.,19100611 - MULTA ADM.POR DANOS AMBIENTAIS-PRINCIPAL,"          28.533.100,00",
004 - REC.PROPRIO-ADM.IND.-DOT.INIC.CR.SUPL.,19100911 - MULTAS JUROS PREVISTOS EM CONTRATOS-PRINCIPA,"             351.048,07",
004 - REC.PROPRIO-ADM.IND.-DOT.INIC.CR.SUPL.,19210111 - INDENIZACAO DANOS CAUSADOS A PATRIM.PUB-PRIN,"             116.502,61",
004 - REC.PROPRIO-ADM.IND.-DOT.INIC.CR.SUPL.,19229911 - OUTRAS RESTITUIC,"           9.721.809,09",
004 - REC.PROPRIO-ADM.IND.-DOT.INIC.CR.SUPL.,19280111 - INDENIZAC,"           1.287.071,87",
004 - REC.PROPRIO-ADM.IND.-DOT.INIC.CR.SUPL.,19280291 - OUTRAS RESTITUICOES-ESPECIF.E/DF/M-PRINCIPAL,"         404.127.102,83",
004 - REC.PROPRIO-ADM.IND.-DOT.INIC.CR.SUPL.,19901211 - ENCARGOS LEGAIS INSCR. DIV.ATIVA-PRINCIPAL,"             525.667,57",
004 - REC.PROPRIO-ADM.IND.-DOT.INIC.CR.SUPL.,19909911 - OUTRAS RECEITAS - PRIMARIAS - PRINCIPAL,"         288.815.511,98",
004 - REC.PROPRIO-ADM.IND.-DOT.INIC.CR.SUPL.,19909912 - OUTRAS RECEITAS - PRIMARIAS - MULTAS E JUROS,"             115.128,73",
004 - REC.PROPRIO-ADM.IND.-DOT.INIC.CR.SUPL.,19909921 - OUTRAS RECEITAS - FINANCEIRAS - PRINCIPAL,"                   0,00",
004 - REC.PROPRIO-ADM.IND.-DOT.INIC.CR.SUPL.,22130011 - ALIENACAO BENS MOVEIS/SEMOVENTES- PRINCIPAL,"          46.658.315,39",
004 - REC.PROPRIO-ADM.IND.-DOT.INIC.CR.SUPL.,22200011 - ALIENACAO DE BENS IMOVEIS - PRINCIPAL,"             742.431,51",
004 - REC.PROPRIO-ADM.IND.-DOT.INIC.CR.SUPL.,23000611 - AMORTIZACAO EMPRESTIMO CONTRATUAL-PRINCIPAL,"           3.676.544,87",
004 - REC.PROPRIO-ADM.IND.-DOT.INIC.CR.SUPL.,24281021 - TRANSF.CONVENIO ESTADOS AO PROG. EDUC-PRINC,"              92.552,34",
004 - REC.PROPRIO-ADM.IND.-DOT.INIC.CR.SUPL.,29900011 - DEMAIS RECEITAS DE CAPITAL - PRINCIPAL,"          25.022.622,03",
004 - REC.PROPRIO-ADM.IND.-DOT.INIC.CR.SUPL.,72180141 - CONTR.PATR.-PAGTO SENT.JUD.-RPPS,"             630.359,87",
005 - RECURSOS VINCULADOS FEDERAIS,11130111 - IRRF - IMP.RENDA PESSOA FISICA-PRINCIPAL,"              12.216,16",
005 - RECURSOS VINCULADOS FEDERAIS,11130341 - IRRF-OUTROS RENDIMENTOS-PRINCIPAL,"                  47,25",
005 - RECURSOS VINCULADOS FEDERAIS,13210011 - REMUNERACAO  DEPOSITOS BANCARIOS - PRINCIPAL,"          68.525.137,74",
005 - RECURSOS VINCULADOS FEDERAIS,17180171 - COTA-PARTE CIDE-CONT.INTERV. DOM.ECON.-PRINC,"         143.989.219,79",
005 - RECURSOS VINCULADOS FEDERAIS,17180351 - TRANSFERENCIA REC.SUS-GESTAO SUS - PRINCIPAL,"       1.760.019.458,19",
005 - RECURSOS VINCULADOS FEDERAIS,17180391 - TRANSF.REC.SUS-OUTRO PROG.TRANSF FDO/FDO-PRI,"       3.320.851.814,60",
005 - RECURSOS VINCULADOS FEDERAIS,17180511 - TRANSFERENCIA DO SALARIO-EDUCACAO - PRINCIPA,"       2.017.084.336,41",
005 - RECURSOS VINCULADOS FEDERAIS,17180521 - TRANF.DIRETA FNDE-PROG.DINHEIRO ESCOLA-PRINC,"          61.510.961,48",
005 - RECURSOS VINCULADOS FEDERAIS,17180531 - TRANF.DIRETA FNDE-PROG.NAC.ALIM. ESCOLA-PRIN,"         180.984.572,11",
005 - RECURSOS VINCULADOS FEDERAIS,17180591 - OUTRAS TRANSF. DIRETAS DO FNDE - PRINCIPAL,"          21.244.771,85",
005 - RECURSOS VINCULADOS FEDERAIS,17180811 - TRANSF.ADVINDA EMENDA PARLAM. INDIV-PRINCIPA,"             400.000,00",
005 - RECURSOS VINCULADOS FEDERAIS,17181011 - TRANSF.CONVENIOS UNIAO PARA  SUS - PRINCIPAL,"                   0,00",
005 - RECURSOS VINCULADOS FEDERAIS,17181021 - TRANSF.CONVENIO UNIAO A PROG.EDUCACAO-PRINC.,"             254.868,20",
005 - RECURSOS VINCULADOS FEDERAIS,17181091 - OUTRAS TRANSF.CONVENIOS UNIAO - PRINCIPAL,"         173.145.240,70",
005 - RECURSOS VINCULADOS FEDERAIS,17181211 - TRANSF.REC.FNAS-FDO NAC. ASSIST.SOC-PRINCIPA,"           1.580.100,00",
005 - RECURSOS VINCULADOS FEDERAIS,17189911 - OUTRAS TRANSFERENCIAS DA UNIAO - PRINCIPAL,"          45.037.822,47",
005 - RECURSOS VINCULADOS FEDERAIS,17281091 - OUTRAS TRANSF.CONVENIOS ESTADO-PRINCIPAL,"               2.549,96",
005 - RECURSOS VINCULADOS FEDERAIS,19100111 - MULTAS PREVISTAS LEG. ESPECIFICA-PRINCIPAL,"              87.034,56",
005 - RECURSOS VINCULADOS FEDERAIS,19100911 - MULTAS JUROS PREVISTOS EM CONTRATOS-PRINCIPA,"                  31,87",
005 - RECURSOS VINCULADOS FEDERAIS,19280291 - OUTRAS RESTITUICOES-ESPECIF.E/DF/M-PRINCIPAL,"           7.502.630,53",
005 - RECURSOS VINCULADOS FEDERAIS,19900311 - COMPENSACAO FIN. ENTRE RGPS E RPPS-PRINCIPAL,"         249.866.239,47",
005 - RECURSOS VINCULADOS FEDERAIS,19909911 - OUTRAS RECEITAS - PRIMARIAS - PRINCIPAL,"           7.869.241,66",
005 - RECURSOS VINCULADOS FEDERAIS,19909921 - OUTRAS RECEITAS - FINANCEIRAS - PRINCIPAL,"                   0,00",
005 - RECURSOS VINCULADOS FEDERAIS,24180451 - TRANSF.RECURSOS SUS A GESTAO DO SUS-PRINCIPA,"             761.922,13",
005 - RECURSOS VINCULADOS FEDERAIS,24180461 - OUTRAS TRANSFERENCIAS RECURSOS SUS-PRINCIPAL,"          43.124.510,47",
005 - RECURSOS VINCULADOS FEDERAIS,24181011 - TRANSF.CONVENIO DA UNIAO AO SUS-PRINCIPAL,"           1.456.060,00",
005 - RECURSOS VINCULADOS FEDERAIS,24181091 - OUTRAS TRANSF.CONVENIOS DA UNIAO-PRINCIPAL,"         480.230.118,19",
006 - OUTRAS FONTES DE RECURSOS,11130111 - IRRF - IMP.RENDA PESSOA FISICA-PRINCIPAL,"             198.987,31",
006 - OUTRAS FONTES DE RECURSOS,11130341 - IRRF-OUTROS RENDIMENTOS-PRINCIPAL,"              13.923,44",
006 - OUTRAS FONTES DE RECURSOS,13210011 - REMUNERACAO  DEPOSITOS BANCARIOS - PRINCIPAL,"                   0,01",
006 - OUTRAS FONTES DE RECURSOS,19100111 - MULTAS PREVISTAS LEG. ESPECIFICA-PRINCIPAL,"               4.570,58",
006 - OUTRAS FONTES DE RECURSOS,19909911 - OUTRAS RECEITAS - PRIMARIAS - PRINCIPAL,"       1.091.474.045,31",
007 - OP.CRED.E CONTRIB.DO EXTERIOR-DOT.INIC.CR.SU,13210011 - REMUNERACAO  DEPOSITOS BANCARIOS - PRINCIPAL,"         105.360.136,20",
007 - OP.CRED.E CONTRIB.DO EXTERIOR-DOT.INIC.CR.SU,17180351 - TRANSFERENCIA REC.SUS-GESTAO SUS - PRINCIPAL,"                   0,00",
007 - OP.CRED.E CONTRIB.DO EXTERIOR-DOT.INIC.CR.SU,19280291 - OUTRAS RESTITUICOES-ESPECIF.E/DF/M-PRINCIPAL,"             371.714,87",
007 - OP.CRED.E CONTRIB.DO EXTERIOR-DOT.INIC.CR.SU,19901111 - VARIACAO CAMBIAL - PRINCIPAL,"          21.334.791,81",
007 - OP.CRED.E CONTRIB.DO EXTERIOR-DOT.INIC.CR.SU,21120011 - OPERACAO CRED.CONTRATUAL-MERC.INTERNO-PRINC,"         706.609.812,50",
007 - OP.CRED.E CONTRIB.DO EXTERIOR-DOT.INIC.CR.SU,21180121 - OPERACAO CRED.INTERNO A PROG. SAUDE-PRINC,"           6.380.117,58",
007 - OP.CRED.E CONTRIB.DO EXTERIOR-DOT.INIC.CR.SU,21220011 - OPERACAO CRED.CONTRATUAL-MERC.EXTERNO-PRINC,"       1.192.871.211,10",
007 - OP.CRED.E CONTRIB.DO EXTERIOR-DOT.INIC.CR.SU,21280121 - OPERACAO CRED.EXTERNO A PROG. SAUDE-PRINC,"         153.135.347,71",
007 - OP.CRED.E CONTRIB.DO EXTERIOR-DOT.INIC.CR.SU,21280131 - OPERACAO CRED.EXTERNO A PROG. SANEAM-PRINC,"          23.907.579,11",
007 - OP.CRED.E CONTRIB.DO EXTERIOR-DOT.INIC.CR.SU,21280141 - OPERACAO CRED.EXTERNO A PROG.MEIO AMB-PRINC,"         172.592.483,47",
041 - TESOURO - CREDITO POR SUPERAVIT FINANCEIRO,11130111 - IRRF - IMP.RENDA PESSOA FISICA-PRINCIPAL,"                   0,00",
041 - TESOURO - CREDITO POR SUPERAVIT FINANCEIRO,13210011 - REMUNERACAO  DEPOSITOS BANCARIOS - PRINCIPAL,"                   0,01",
041 - TESOURO - CREDITO POR SUPERAVIT FINANCEIRO,19100111 - MULTAS PREVISTAS LEG. ESPECIFICA-PRINCIPAL,"                   0,00",
042 - REC.VINC.ESTADUAIS-CRED.SUPERAVIT FINANCEIRO,11130111 - IRRF - IMP.RENDA PESSOA FISICA-PRINCIPAL,"                   0,00",
042 - REC.VINC.ESTADUAIS-CRED.SUPERAVIT FINANCEIRO,13210011 - REMUNERACAO  DEPOSITOS BANCARIOS - PRINCIPAL,"               5.354,08",
042 - REC.VINC.ESTADUAIS-CRED.SUPERAVIT FINANCEIRO,19100111 - MULTAS PREVISTAS LEG. ESPECIFICA-PRINCIPAL,"                   0,00",
042 - REC.VINC.ESTADUAIS-CRED.SUPERAVIT FINANCEIRO,19280291 - OUTRAS RESTITUICOES-ESPECIF.E/DF/M-PRINCIPAL,"                   0,00",
043 - F.E.D - CREDITO POR SUPERAVIT FINANCEIRO,13210011 - REMUNERACAO  DEPOSITOS BANCARIOS - PRINCIPAL,"                   0,00",
044 - REC.PROP.ADM.IND-CRED.P/SUPERVAVIT FINANCEIR,13210011 - REMUNERACAO  DEPOSITOS BANCARIOS - PRINCIPAL,"             555.962,32",
044 - REC.PROP.ADM.IND-CRED.P/SUPERVAVIT FINANCEIR,13450111 - OUTORGA DIREITO USO REC. HIDRICOS-PRINCIPAL,"                   4,80",
044 - REC.PROP.ADM.IND-CRED.P/SUPERVAVIT FINANCEIR,17481011 - OUTRA TRANSF.INST.PRIV. AO E/DF/M-PRINCIPAL,"              16.881,72",
044 - REC.PROP.ADM.IND-CRED.P/SUPERVAVIT FINANCEIR,19280291 - OUTRAS RESTITUICOES-ESPECIF.E/DF/M-PRINCIPAL,"               1.190,98",
044 - REC.PROP.ADM.IND-CRED.P/SUPERVAVIT FINANCEIR,19909911 - OUTRAS RECEITAS - PRIMARIAS - PRINCIPAL,"               1.824,98",
045 - REC.VINC.TRANSF.FEDERAL/SUPERAVIT FINANC.,11130341 - IRRF-OUTROS RENDIMENTOS-PRINCIPAL,"                   0,00",
045 - REC.VINC.TRANSF.FEDERAL/SUPERAVIT FINANC.,13210011 - REMUNERACAO  DEPOSITOS BANCARIOS - PRINCIPAL,"                   4,56",
045 - REC.VINC.TRANSF.FEDERAL/SUPERAVIT FINANC.,17180511 - TRANSFERENCIA DO SALARIO-EDUCACAO - PRINCIPA,"                   0,00",
045 - REC.VINC.TRANSF.FEDERAL/SUPERAVIT FINANC.,19280291 - OUTRAS RESTITUICOES-ESPECIF.E/DF/M-PRINCIPAL,"                 126,07",
047 - REC.OPERAC. DE CREDITO-P/SUPERAVIT FINANCEIR,11130111 - IRRF - IMP.RENDA PESSOA FISICA-PRINCIPAL,"                   0,00",
047 - REC.OPERAC. DE CREDITO-P/SUPERAVIT FINANCEIR,13210011 - REMUNERACAO  DEPOSITOS BANCARIOS - PRINCIPAL,"                 110,26",
047 - REC.OPERAC. DE CREDITO-P/SUPERAVIT FINANCEIR,19280291 - OUTRAS RESTITUICOES-ESPECIF.E/DF/M-PRINCIPAL,"                   0,00",
047 - REC.OPERAC. DE CREDITO-P/SUPERAVIT FINANCEIR,89100011 - INTEGRALIZACAO CAPITAL SOCIAL-PRINCIPAL INTR,"          47.621.156,92",
081 - TESOURO-DOT.INICIAL E CRED.SUPLEMENTAR-INTRA,11130111 - IRRF - IMP.RENDA PESSOA FISICA-PRINCIPAL,"                   0,00",
081 - TESOURO-DOT.INICIAL E CRED.SUPLEMENTAR-INTRA,11130311 - IRRF-IMP. RENDA RET. FTE-TRABALHO-PRINCIPAL,"          10.002.119,33",
081 - TESOURO-DOT.INICIAL E CRED.SUPLEMENTAR-INTRA,11130341 - IRRF-OUTROS RENDIMENTOS-PRINCIPAL,"                   0,00",
081 - TESOURO-DOT.INICIAL E CRED.SUPLEMENTAR-INTRA,12180121 - CPSSS-SERV.CIVIL INATIVO - PRINCIPAL,"                 331,41",
081 - TESOURO-DOT.INICIAL E CRED.SUPLEMENTAR-INTRA,13100111 - ALUGUEIS E ARRENDAMENTOS - PRINCIPAL,"                   0,00",
081 - TESOURO-DOT.INICIAL E CRED.SUPLEMENTAR-INTRA,19100111 - MULTAS PREVISTAS LEG. ESPECIFICA-PRINCIPAL,"              14.314,66",
081 - TESOURO-DOT.INICIAL E CRED.SUPLEMENTAR-INTRA,19280291 - OUTRAS RESTITUICOES-ESPECIF.E/DF/M-PRINCIPAL,"                   0,00",
081 - TESOURO-DOT.INICIAL E CRED.SUPLEMENTAR-INTRA,19909911 - OUTRAS RECEITAS - PRIMARIAS - PRINCIPAL,"              13.826,88",
081 - TESOURO-DOT.INICIAL E CRED.SUPLEMENTAR-INTRA,72180311 - CPSSS PATRON-SERV.CIV.ATIVO - PRINCIPAL INTR,"       5.860.714.248,15",
081 - TESOURO-DOT.INICIAL E CRED.SUPLEMENTAR-INTRA,72180711 - CONTRIB.PATRONAL-MILITAR ATIVO-PRINC INTRA,"       1.147.646.092,58",
081 - TESOURO-DOT.INICIAL E CRED.SUPLEMENTAR-INTRA,72199931 - DEMAIS CONTRIBUICOES SOCIAIS - INSUFICIENCIA,"      21.853.823.216,43",
081 - TESOURO-DOT.INICIAL E CRED.SUPLEMENTAR-INTRA,76100111 - SERVICOS ADM/COM. GERAIS-PRINCIPAL INTRA,"         101.746.783,35",
081 - TESOURO-DOT.INICIAL E CRED.SUPLEMENTAR-INTRA,76380191 - OUTROS SERVICOS DE SAUDE-PRINCIPAL INTRA,"       1.300.545.972,74",
081 - TESOURO-DOT.INICIAL E CRED.SUPLEMENTAR-INTRA,76909911 - OUTROS SERVICOS -PRINCIPAL INTRAORCAMENTARIA,"         110.380.284,10",
081 - TESOURO-DOT.INICIAL E CRED.SUPLEMENTAR-INTRA,79220311 - RESTITUICAO BENEFICIOS PREV-PRINCIPAL INTRA,"               3.826,09",
081 - TESOURO-DOT.INICIAL E CRED.SUPLEMENTAR-INTRA,79229911 - OUTRAS RESTITUICOES-PRINC INTRAORCAMENTARIAS,"         336.971.056,60",
081 - TESOURO-DOT.INICIAL E CRED.SUPLEMENTAR-INTRA,89100011 - INTEGRALIZACAO CAPITAL SOCIAL-PRINCIPAL INTR,"         196.542.192,36",
081 - TESOURO-DOT.INICIAL E CRED.SUPLEMENTAR-INTRA,89900011 - DEMAIS RECEITAS DE CAPITAL-PRINCIPAL INTRA,"          29.097.212,89",
082 - RECURSOS VINCULADOS ESTADUAIS-INTRA,72180311 - CPSSS PATRON-SERV.CIV.ATIVO - PRINCIPAL INTR,"         189.805.098,62",
082 - RECURSOS VINCULADOS ESTADUAIS-INTRA,72199931 - DEMAIS CONTRIBUICOES SOCIAIS - INSUFICIENCIA,"         216.365.188,90",
083 - RECURSOS VINCULADOS-FUNDO ESP. DESPESA-INTRA,13210011 - REMUNERACAO  DEPOSITOS BANCARIOS - PRINCIPAL,"             139.587,84",
083 - RECURSOS VINCULADOS-FUNDO ESP. DESPESA-INTRA,76909911 - OUTROS SERVICOS -PRINCIPAL INTRAORCAMENTARIA,"          36.335.969,40",
083 - RECURSOS VINCULADOS-FUNDO ESP. DESPESA-INTRA,89900011 - DEMAIS RECEITAS DE CAPITAL-PRINCIPAL INTRA,"          11.267.431,79",
084 - REC.PROPRIO-ADM.IND.-DOT.INIC.CR.SUPL.-INTRA,13210011 - REMUNERACAO  DEPOSITOS BANCARIOS - PRINCIPAL,"              68.312,35",
084 - REC.PROPRIO-ADM.IND.-DOT.INIC.CR.SUPL.-INTRA,72180311 - CPSSS PATRON-SERV.CIV.ATIVO - PRINCIPAL INTR,"             563.691,68",
084 - REC.PROPRIO-ADM.IND.-DOT.INIC.CR.SUPL.-INTRA,74000011 - RECEITA AGROPECUARIA - PRINCIPAL INTRAORCAME,"           3.744.291,08",
085 - RECURSOS VINCULADOS FEDERAIS-INTRA,72199931 - DEMAIS CONTRIBUICOES SOCIAIS - INSUFICIENCIA,"           8.215.689,49",
085 - RECURSOS VINCULADOS FEDERAIS-INTRA,76909911 - OUTROS SERVICOS -PRINCIPAL INTRAORCAMENTARIA,"         142.483.375,10",
085 - RECURSOS VINCULADOS FEDERAIS-INTRA,89100011 - INTEGRALIZACAO CAPITAL SOCIAL-PRINCIPAL INTR,"          62.713.271,63",
085 - RECURSOS VINCULADOS FEDERAIS-INTRA,89900011 - DEMAIS RECEITAS DE CAPITAL-PRINCIPAL INTRA,"          12.392.104,67",
086 - OUTRAS FONTES DE RECURSOS-INTRA,89100011 - INTEGRALIZACAO CAPITAL SOCIAL-PRINCIPAL INTR,"         137.377.128,78",
087 - OP.CRED.CONTR.EXTERIOR-DOT.INIC.CR.SUP-INTRA,89100011 - INTEGRALIZACAO CAPITAL SOCIAL-PRINCIPAL INTR,"          46.441.531,83",
099 - EXTRA ORCAMENTARIA,13210011 - REMUNERACAO  DEPOSITOS BANCARIOS - PRINCIPAL,"                   0,00",
,TOTAL,"     257.443.703.586,69",
